band,peak_wavelength_nm,active_min_nm,active_max_nm,active_band_count,max_weight,weight_sum
WV2 Coastal Blue,445.5199890136719,393.94000244140625,455.8299865722656,13,0.10855603963136673,1.0
WV2 Blue,502.25,440.3599853515625,517.719970703125,16,0.09348417073488235,1.0
WV2 Green,569.2999877929688,507.4100036621094,584.77001953125,16,0.08184974640607834,1.0
WV2 Yellow,620.8699951171875,584.77001953125,631.1900024414062,10,0.1375947743654251,1.0000001192092896
WV2 Red,672.4500122070312,626.030029296875,693.0800170898438,14,0.08940140902996063,1.0000001192092896
WV2 RedEdge,724.02001953125,698.239990234375,749.8099975585938,11,0.13093996047973633,1.0000001192092896
WV2 NIR1,780.760009765625,760.1300048828125,904.5399780273438,29,0.051965225487947464,0.9999998807907104
WV2 NIR2,878.75,852.9600219726562,1018.0,33,0.05333774909377098,1.0
