band,peak_wavelength_nm,active_min_nm,active_max_nm,active_band_count,max_weight,weight_sum
WV2 Coastal Blue,445.5899963378906,394.05999755859375,459.6499938964844,15,0.09865564852952957,1.0
WV2 Blue,501.82000732421875,440.9100036621094,515.8699951171875,17,0.08532356470823288,1.0
WV2 Green,572.0999755859375,506.5,586.1500244140625,18,0.07400352507829666,0.9999998807907104
WV2 Yellow,618.9500122070312,581.469970703125,633.010009765625,12,0.1250220239162445,0.9999999403953552
WV2 Red,675.1699829101562,623.6400146484375,693.9199829101562,16,0.08159637451171875,1.0
WV2 RedEdge,722.030029296875,698.5999755859375,750.1400146484375,12,0.11888757348060608,1.0000001192092896
WV2 NIR1,782.9400024414062,759.510009765625,904.760009765625,32,0.04721515625715256,1.0000001192092896
WV2 NIR2,876.6400146484375,853.219970703125,1045.31005859375,42,0.046941693872213364,1.0
