band,peak_wavelength_nm,active_min_nm,active_max_nm,active_band_count,max_weight,weight_sum
WV2 Coastal Blue,446.0,430.0,458.0,8,0.16105793416500092,1.0
WV2 Blue,502.0,442.0,518.0,20,0.07268593460321426,1.0
WV2 Green,570.0,506.0,586.0,21,0.06352676451206207,1.0
WV2 Yellow,618.0,582.0,634.0,14,0.10665078461170197,0.9999999403953552
WV2 Red,674.0,622.0,694.0,19,0.06958495080471039,1.0
WV2 RedEdge,722.0,698.0,750.0,14,0.1016428992152214,1.0
